estudiante_id,grupo_curso_id,EC1,EP1,EC2,EP2,EC3,EP3
20233588,2501209A,15,12,12,2,,
20233588,2501210A,11,4,11,3,,
20233588,2501207A,4,15,6,15,,
20233588,2501212A,13,16,16,13,,
20233588,2501208A,19,11,5,14,,
20233588,2501211A,12,17,14,16,,
20202231,1704249A,15,4,2,16,,
20202231,1704251A,6,16,11,13,,
20202231,1704250A,11,14,14,5,,
20202231,1704255A,8,8,8,18,,
20202231,1704253A,15,11,18,19,,
20202231,1704248A,19,6,8,19,,
20202231,1704254A,10,18,8,12,,
20202231,1704252A,7,11,8,16,,
20202228,1704249A,15,18,17,11,,
20202228,1704251A,10,8,7,19,,
20202228,1704250A,7,15,18,9,,
20202228,1704255A,2,5,7,12,,
20202228,1704253A,16,7,4,19,,
20202228,1704248A,14,16,6,11,,
20202228,1704254A,8,16,12,5,,
20202228,1704252A,8,5,15,10,,
20190754,1705265A,18,8,18,14,,
20190754,1705267A,4,16,17,7,,
20190754,1705271A,18,17,17,12,,
20190754,1705269A,19,16,13,12,,
20190754,1705270A,5,12,18,2,,
20190754,1705268A,4,16,14,17,,
20190754,1705272A,19,15,18,18,,
20204679,1704249A,7,10,15,16,,
20204679,1704251A,4,4,11,14,,
20204679,1704250A,11,20,14,18,,
20204679,1704255A,17,14,10,9,,
20204679,1704253A,4,13,14,6,,
20204679,1704248A,2,18,18,17,,
20204679,1704254A,15,12,15,19,,
20204679,1704252A,17,16,12,13,,
20220731,1702227A,12,5,4,11,,
20220731,1702224A,13,9,7,12,,
20220731,1702228A,17,7,18,6,,
20220731,1702225A,16,15,13,5,,
20220731,1702226A,10,16,14,16,,
20220731,1702229A,5,9,16,6,,
20213125,1703241A,3,13,16,3,,
20213125,1703237A,19,5,15,4,,
20213125,1703238A,7,13,18,13,,
20213125,1703239A,15,7,17,19,,
20213125,1703131A,14,14,11,17,,
20213125,1703236A,11,10,12,20,,
20213125,1703240A,8,3,10,12,,
20213122,1703241A,12,17,18,11,,
20213122,1703237A,9,18,8,15,,
20213122,1703238A,6,9,19,17,,
20213122,1703239A,19,14,10,17,,
20213122,1703131A,13,10,17,10,,
20213122,1703236A,12,11,18,15,,
20213122,1703240A,7,13,5,13,,
20132937,2501209A,3,7,15,14,,
20132937,2501210A,16,17,14,15,,
20132937,2501207A,16,14,6,16,,
20132937,2501212A,16,17,17,14,,
20132937,2501208A,18,6,5,12,,
20132937,2501211A,13,16,9,17,,
20183202,1705265A,18,9,10,17,,
20183202,1705267A,18,13,6,13,,
20183202,1705271A,19,5,13,12,,
20183202,1705269A,8,17,11,16,,
20183202,1705270A,13,12,15,8,,
20183202,1705268A,13,17,2,3,,
20183202,1705272A,13,6,16,19,,
20204524,1704249A,11,7,11,5,,
20204524,1704251A,11,14,11,11,,
20204524,1704250A,19,5,16,7,,
20204524,1704255A,18,18,9,4,,
20204524,1704253A,17,6,10,10,,
20204524,1704248A,8,14,11,5,,
20204524,1704254A,8,13,19,12,,
20204524,1704252A,9,19,16,16,,
20220730,1702227A,6,14,9,16,,
20220730,1702224A,17,17,15,17,,
20220730,1702228A,7,15,18,13,,
20220730,1702225A,14,7,11,7,,
20220730,1702226A,14,2,4,17,,
20220730,1702229A,16,17,12,17,,
20224275,1702227A,12,10,12,8,,
20224275,1702224A,14,4,16,19,,
20224275,1702228A,14,17,16,12,,
20224275,1702225A,15,4,11,14,,
20224275,1702226A,16,12,5,14,,
20224275,1702229A,12,19,17,16,,
20170734,1702227A,10,5,5,17,,
20170734,1702224A,14,13,6,17,,
20170734,1702228A,16,2,17,6,,
20170734,1702225A,15,6,14,14,,
20170734,1702226A,4,17,17,6,,
20170734,1702229A,16,2,3,5,,
20200734,1704249A,17,11,11,18,,
20200734,1704251A,9,15,8,14,,
20200734,1704250A,9,4,7,17,,
20200734,1704255A,10,8,15,10,,
20200734,1704253A,7,14,5,4,,
20200734,1704248A,11,14,13,7,,
20200734,1704254A,11,19,13,7,,
20200734,1704252A,14,15,10,18,,
20210678,1703241A,3,13,12,18,,
20210678,1703237A,12,8,11,19,,
20210678,1703238A,13,7,8,6,,
20210678,1703239A,12,7,4,12,,
20210678,1703131A,11,3,14,19,,
20210678,1703236A,18,17,8,18,,
20210678,1703240A,18,9,3,12,,
20202233,1704249A,15,15,14,11,,
20202233,1704251A,13,3,14,16,,
20202233,1704250A,19,11,10,13,,
20202233,1704255A,13,12,12,14,,
20202233,1704253A,5,8,13,4,,
20202233,1704248A,12,2,15,17,,
20202233,1704254A,14,15,14,14,,
20202233,1704252A,16,17,4,19,,
20210671,1703241A,16,4,9,11,,
20210671,1703237A,8,15,13,8,,
20210671,1703238A,3,15,3,12,,
20210671,1703239A,17,3,11,15,,
20210671,1703131A,15,5,6,15,,
20210671,1703236A,5,4,9,8,,
20210671,1703240A,17,7,17,17,,
20210688,1703241A,18,12,1,16,,
20210688,1703237A,19,15,11,14,,
20210688,1703238A,5,18,16,17,,
20210688,1703239A,19,13,4,11,,
20210688,1703131A,18,2,10,2,,
20210688,1703236A,9,10,10,16,,
20210688,1703240A,6,2,17,17,,
20084621,1705265A,12,18,13,19,,
20084621,1705267A,18,3,4,17,,
20084621,1705271A,18,16,12,10,,
20084621,1705269A,17,19,16,13,,
20084621,1705270A,7,12,14,15,,
20084621,1705268A,16,15,13,13,,
20084621,1705272A,17,14,17,14,,
20213148,1703241A,15,18,4,19,,
20213148,1703237A,4,7,8,9,,
20213148,1703238A,16,19,15,6,,
20213148,1703239A,13,10,14,19,,
20213148,1703131A,16,18,18,17,,
20213148,1703236A,14,18,16,18,,
20213148,1703240A,14,1,13,13,,
20192271,1705265A,14,17,7,15,,
20192271,1705267A,13,12,12,19,,
20192271,1705271A,15,17,16,11,,
20192271,1705269A,4,14,12,18,,
20192271,1705270A,12,17,13,16,,
20192271,1705268A,2,14,14,9,,
20192271,1705272A,13,19,17,10,,
20232278,2501209A,16,14,17,17,,
20232278,2501210A,14,18,16,15,,
20232278,2501207A,6,7,7,6,,
20232278,2501212A,16,19,18,10,,
20232278,2501208A,18,7,13,18,,
20232278,2501211A,14,10,9,13,,
20202234,1704249A,14,17,13,13,,
20202234,1704251A,14,15,15,4,,
20202234,1704250A,7,18,16,5,,
20202234,1704255A,15,18,8,14,,
20202234,1704253A,7,4,15,11,,
20202234,1704248A,15,11,18,19,,
20202234,1704254A,10,16,16,5,,
20202234,1704252A,16,13,17,14,,
20153707,1703241A,13,8,13,17,,
20153707,1703237A,14,3,14,13,,
20153707,1703238A,4,19,16,9,,
20153707,1703239A,17,13,7,17,,
20153707,1703131A,13,8,18,4,,
20153707,1703236A,10,14,12,17,,
20153707,1703240A,16,3,15,6,,
20181796,1704249A,4,19,9,6,,
20181796,1704251A,5,19,19,9,,
20181796,1704250A,4,14,16,5,,
20181796,1704255A,3,14,15,16,,
20181796,1704253A,9,16,11,20,,
20181796,1704248A,18,11,18,15,,
20181796,1704254A,11,11,5,18,,
20181796,1704252A,14,5,11,4,,
20200733,1704249A,1,7,12,15,,
20200733,1704251A,20,15,15,6,,
20200733,1704250A,19,16,8,13,,
20200733,1704255A,7,20,7,13,,
20200733,1704253A,10,17,9,15,,
20200733,1704248A,11,13,7,15,,
20200733,1704254A,16,17,12,15,,
20200733,1704252A,13,14,3,17,,
20212161,1703241A,17,18,5,11,,
20212161,1703237A,4,15,17,3,,
20212161,1703238A,15,14,6,17,,
20212161,1703239A,17,13,13,14,,
20212161,1703131A,18,14,16,18,,
20212161,1703236A,7,14,2,4,,
20212161,1703240A,16,12,14,13,,
20162006,1703241A,4,5,8,19,,
20162006,1703237A,13,7,14,11,,
20162006,1703238A,4,9,18,7,,
20162006,1703239A,14,12,12,16,,
20162006,1703131A,17,4,16,16,,
20162006,1703236A,13,8,15,13,,
20162006,1703240A,12,5,6,5,,
20233581,2501209A,17,11,12,10,,
20233581,2501210A,2,14,7,8,,
20233581,2501207A,18,17,4,17,,
20233581,2501212A,16,4,15,17,,
20233581,2501208A,4,14,19,3,,
20233581,2501211A,2,5,13,18,,
20213120,1703241A,4,19,10,3,,
20213120,1703237A,2,15,13,16,,
20213120,1703238A,16,8,4,10,,
20213120,1703239A,17,11,16,17,,
20213120,1703131A,19,15,14,12,,
20213120,1703236A,16,8,18,10,,
20213120,1703240A,12,11,17,16,,
20190750,1705265A,11,4,17,16,,
20190750,1705267A,5,17,4,18,,
20190750,1705271A,10,17,13,15,,
20190750,1705269A,13,14,13,9,,
20190750,1705270A,16,17,12,14,,
20190750,1705268A,10,14,18,2,,
20190750,1705272A,18,4,17,7,,
20200728,1704249A,8,11,10,11,,
20200728,1704251A,13,19,11,13,,
20200728,1704250A,14,10,9,14,,
20200728,1704255A,10,17,13,13,,
20200728,1704253A,14,18,17,11,,
20200728,1704248A,17,6,4,9,,
20200728,1704254A,10,12,12,19,,
20200728,1704252A,11,5,15,12,,
20223090,1702227A,17,17,15,11,,
20223090,1702224A,13,12,15,16,,
20223090,1702228A,11,14,15,16,,
20223090,1702225A,5,6,17,14,,
20223090,1702226A,11,18,3,17,,
20223090,1702229A,12,2,5,10,,
20180684,1704249A,16,10,12,8,,
20180684,1704251A,16,13,11,15,,
20180684,1704250A,13,18,19,11,,
20180684,1704255A,14,6,13,14,,
20180684,1704253A,4,16,4,18,,
20180684,1704248A,11,18,17,1,,
20180684,1704254A,16,17,11,15,,
20180684,1704252A,9,7,15,18,,
20173456,1705265A,15,6,4,9,,
20173456,1705267A,4,18,12,16,,
20173456,1705271A,14,13,9,19,,
20173456,1705269A,11,4,13,14,,
20173456,1705270A,16,12,17,8,,
20173456,1705268A,14,17,19,5,,
20173456,1705272A,16,17,4,18,,
20220715,1702227A,7,18,13,12,,
20220715,1702224A,11,13,5,12,,
20220715,1702228A,11,9,13,11,,
20220715,1702225A,11,11,3,10,,
20220715,1702226A,14,6,16,12,,
20220715,1702229A,14,13,13,14,,
20233597,2501209A,2,18,16,5,,
20233597,2501210A,17,19,9,7,,
20233597,2501207A,2,7,18,11,,
20233597,2501212A,17,17,9,18,,
20233597,2501208A,18,17,15,18,,
20233597,2501211A,14,13,5,11,,
20200735,1704249A,6,12,10,18,,
20200735,1704251A,13,10,4,16,,
20200735,1704250A,10,6,7,15,,
20200735,1704255A,15,1,10,15,,
20200735,1704253A,18,18,17,2,,
20200735,1704248A,16,17,8,20,,
20200735,1704254A,16,15,12,19,,
20200735,1704252A,18,18,4,10,,
20180682,1704249A,2,19,12,17,,
20180682,1704251A,11,13,12,3,,
20180682,1704250A,4,18,2,12,,
20180682,1704255A,19,12,13,9,,
20180682,1704253A,13,18,16,18,,
20180682,1704248A,16,14,17,9,,
20180682,1704254A,20,10,19,13,,
20180682,1704252A,15,12,18,11,,
20180717,1704249A,18,6,18,14,,
20180717,1704251A,15,18,4,14,,
20180717,1704250A,13,17,17,13,,
20180717,1704255A,7,17,8,15,,
20180717,1704253A,17,11,16,12,,
20180717,1704248A,7,19,18,14,,
20180717,1704254A,19,8,16,3,,
20180717,1704252A,16,6,12,17,,
20172221,1705265A,13,18,4,3,,
20172221,1705267A,15,15,2,14,,
20172221,1705271A,4,16,14,14,,
20172221,1705269A,4,9,5,14,,
20172221,1705270A,17,11,4,3,,
20172221,1705268A,12,19,18,14,,
20172221,1705272A,18,12,11,13,,
20213144,1703241A,17,14,13,12,,
20213144,1703237A,15,16,14,6,,
20213144,1703238A,15,19,7,15,,
20213144,1703239A,7,17,15,18,,
20213144,1703131A,17,14,4,5,,
20213144,1703236A,12,10,7,15,,
20213144,1703240A,18,9,3,18,,
20222141,1702227A,13,14,8,13,,
20222141,1702224A,14,15,17,11,,
20222141,1702228A,16,15,14,14,,
20222141,1702225A,9,18,15,10,,
20222141,1702226A,12,17,14,17,,
20222141,1702229A,8,3,15,18,,
20190761,1705265A,17,3,13,19,,
20190761,1705267A,13,10,5,15,,
20190761,1705271A,3,19,5,13,,
20190761,1705269A,13,5,17,18,,
20190761,1705270A,12,18,16,16,,
20190761,1705268A,12,10,8,12,,
20190761,1705272A,8,4,10,12,,
20213138,1703241A,4,13,19,14,,
20213138,1703237A,5,13,17,17,,
20213138,1703238A,10,17,16,13,,
20213138,1703239A,14,6,16,12,,
20213138,1703131A,14,4,12,17,,
20213138,1703236A,17,3,5,15,,
20213138,1703240A,18,17,15,17,,
20230583,2501209A,13,10,12,18,,
20230583,2501210A,16,4,19,18,,
20230583,2501207A,13,15,13,11,,
20230583,2501212A,9,16,8,14,,
20230583,2501208A,3,19,17,6,,
20230583,2501211A,8,6,6,14,,
20170516,1702227A,15,16,15,15,,
20170516,1702224A,18,6,9,18,,
20170516,1702228A,11,13,9,14,,
20170516,1702225A,18,10,5,15,,
20170516,1702226A,16,14,12,11,,
20170516,1702229A,14,15,15,6,,
20153696,1704249A,10,10,5,3,,
20153696,1704251A,11,8,14,11,,
20153696,1704250A,11,16,6,10,,
20153696,1704255A,6,16,9,18,,
20153696,1704253A,20,8,2,17,,
20153696,1704248A,13,4,15,7,,
20153696,1704254A,13,13,16,7,,
20153696,1704252A,16,11,15,13,,
20190743,1705265A,16,4,17,14,,
20190743,1705267A,18,16,16,8,,
20190743,1705271A,7,14,14,6,,
20190743,1705269A,17,12,3,14,,
20190743,1705270A,8,19,17,10,,
20190743,1705268A,9,18,16,15,,
20190743,1705272A,15,15,19,5,,
20223086,1702227A,19,15,3,12,,
20223086,1702224A,16,13,15,10,,
20223086,1702228A,15,10,10,14,,
20223086,1702225A,5,5,7,13,,
20223086,1702226A,14,18,17,14,,
20223086,1702229A,11,17,13,17,,
20213126,1703241A,8,5,16,18,,
20213126,1703237A,15,16,16,19,,
20213126,1703238A,14,11,4,6,,
20213126,1703239A,13,16,12,16,,
20213126,1703131A,12,8,11,17,,
20213126,1703236A,19,12,5,8,,
20213126,1703240A,9,16,17,8,,
20222150,1702227A,16,12,17,3,,
20222150,1702224A,14,5,13,16,,
20222150,1702228A,17,20,10,8,,
20222150,1702225A,16,19,16,17,,
20222150,1702226A,16,19,18,9,,
20222150,1702229A,12,12,10,14,,
20180693,1704249A,19,15,19,18,,
20180693,1704251A,16,16,14,12,,
20180693,1704250A,18,12,4,4,,
20180693,1704255A,7,12,14,9,,
20180693,1704253A,17,2,5,14,,
20180693,1704248A,18,3,16,17,,
20180693,1704254A,12,11,18,11,,
20180693,1704252A,19,16,4,6,,
20193256,1705265A,14,12,19,15,,
20193256,1705267A,6,15,13,12,,
20193256,1705271A,8,19,8,19,,
20193256,1705269A,7,8,19,13,,
20193256,1705270A,7,13,10,15,,
20193256,1705268A,9,19,13,15,,
20193256,1705272A,15,16,20,8,,
20213143,1703241A,9,13,9,18,,
20213143,1703237A,6,19,8,15,,
20213143,1703238A,13,15,3,5,,
20213143,1703239A,7,11,12,3,,
20213143,1703131A,19,6,10,6,,
20213143,1703236A,15,5,18,11,,
20213143,1703240A,16,19,9,11,,
20192273,1705265A,16,5,3,18,,
20192273,1705267A,12,11,13,8,,
20192273,1705271A,15,19,4,17,,
20192273,1705269A,11,13,16,5,,
20192273,1705270A,14,16,15,3,,
20192273,1705268A,9,7,14,15,,
20192273,1705272A,8,3,12,15,,
20123377,2501209A,17,19,4,16,,
20123377,2501210A,9,16,14,6,,
20123377,2501207A,16,16,14,12,,
20123377,2501212A,12,17,16,15,,
20123377,2501208A,13,7,15,16,,
20123377,2501211A,16,7,13,3,,
20233587,2501209A,15,14,9,17,,
20233587,2501210A,19,13,9,15,,
20233587,2501207A,6,14,16,13,,
20233587,2501212A,3,15,10,4,,
20233587,2501208A,14,17,14,7,,
20233587,2501211A,15,17,18,10,,
20190760,1705265A,7,12,16,5,,
20190760,1705267A,12,15,10,15,,
20190760,1705271A,10,9,18,13,,
20190760,1705269A,16,16,12,18,,
20190760,1705270A,9,14,15,15,,
20190760,1705268A,18,17,5,14,,
20190760,1705272A,17,9,14,17,,
20172220,1702227A,8,9,4,19,,
20172220,1702224A,13,16,8,18,,
20172220,1702228A,9,16,12,2,,
20172220,1702225A,13,17,6,3,,
20172220,1702226A,14,4,16,16,,
20172220,1702229A,15,9,19,15,,
20232283,2501209A,15,19,18,16,,
20232283,2501210A,19,17,6,18,,
20232283,2501207A,8,3,5,19,,
20232283,2501212A,9,18,18,15,,
20232283,2501208A,18,12,13,19,,
20232283,2501211A,4,11,3,17,,
20233584,2501209A,13,4,10,14,,
20233584,2501210A,11,13,9,14,,
20233584,2501207A,17,2,13,9,,
20233584,2501212A,13,4,17,16,,
20233584,2501208A,9,1,2,15,,
20233584,2501211A,16,19,3,18,,
20222145,1702227A,7,18,6,4,,
20222145,1702224A,10,8,9,5,,
20222145,1702228A,13,17,7,18,,
20222145,1702225A,13,16,17,16,,
20222145,1702226A,11,6,11,5,,
20222145,1702229A,16,12,19,6,,
20212162,1703241A,17,6,16,19,,
20212162,1703237A,18,16,20,6,,
20212162,1703238A,12,4,9,18,,
20212162,1703239A,14,14,3,13,,
20212162,1703131A,16,10,5,3,,
20212162,1703236A,14,3,15,19,,
20212162,1703240A,9,11,6,5,,
20153689,1704249A,11,16,18,16,,
20153689,1704251A,9,12,9,14,,
20153689,1704250A,18,8,7,8,,
20153689,1704255A,14,18,10,10,,
20153689,1704253A,11,15,2,16,,
20153689,1704248A,6,16,14,18,,
20153689,1704254A,17,6,13,12,,
20153689,1704252A,14,14,18,13,,
20180678,1704249A,7,5,14,15,,
20180678,1704251A,2,2,9,3,,
20180678,1704250A,14,10,13,6,,
20180678,1704255A,14,17,19,16,,
20180678,1704253A,15,11,14,6,,
20180678,1704248A,15,15,18,8,,
20180678,1704254A,14,6,4,5,,
20180678,1704252A,20,14,12,16,,
20113478,1705265A,10,17,9,15,,
20113478,1705267A,5,11,15,15,,
20113478,1705271A,16,3,15,8,,
20113478,1705269A,12,14,15,5,,
20113478,1705270A,16,8,16,14,,
20113478,1705268A,7,17,5,18,,
20113478,1705272A,14,14,7,9,,
20193260,1705265A,14,13,4,17,,
20193260,1705267A,5,16,16,18,,
20193260,1705271A,7,5,18,11,,
20193260,1705269A,12,8,1,10,,
20193260,1705270A,6,14,13,15,,
20193260,1705268A,8,4,17,14,,
20193260,1705272A,16,19,3,14,,
20202229,1704249A,17,14,1,16,,
20202229,1704251A,6,19,5,17,,
20202229,1704250A,14,5,9,12,,
20202229,1704255A,2,13,18,17,,
20202229,1704253A,6,15,20,17,,
20202229,1704248A,19,5,15,14,,
20202229,1704254A,14,9,15,3,,
20202229,1704252A,13,17,13,11,,
20173778,1705265A,15,18,10,5,,
20173778,1705267A,3,17,8,19,,
20173778,1705271A,15,4,14,10,,
20173778,1705269A,13,18,19,10,,
20173778,1705270A,13,14,11,17,,
20173778,1705268A,7,11,10,11,,
20173778,1705272A,4,17,17,18,,
20160757,1703241A,12,13,16,5,,
20160757,1703237A,5,15,17,13,,
20160757,1703238A,10,11,5,2,,
20160757,1703239A,11,4,14,13,,
20160757,1703131A,20,16,16,12,,
20160757,1703236A,20,16,15,18,,
20160757,1703240A,13,17,5,14,,
20233595,2501209A,15,5,18,6,,
20233595,2501210A,17,18,14,3,,
20233595,2501207A,5,8,15,5,,
20233595,2501212A,9,19,13,10,,
20233595,2501208A,12,15,4,18,,
20233595,2501211A,14,12,16,8,,
20232279,2501209A,7,3,17,15,,
20232279,2501210A,6,2,2,6,,
20232279,2501207A,7,14,13,14,,
20232279,2501212A,16,1,14,10,,
20232279,2501208A,15,14,15,11,,
20232279,2501211A,17,13,8,6,,
20232275,2501209A,16,8,15,14,,
20232275,2501210A,7,16,12,4,,
20232275,2501207A,18,13,19,10,,
20232275,2501212A,15,2,16,15,,
20232275,2501208A,14,10,6,5,,
20232275,2501211A,6,8,16,10,,
20180683,1704249A,8,4,17,14,,
20180683,1704251A,15,20,18,9,,
20180683,1704250A,15,6,14,16,,
20180683,1704255A,16,7,11,10,,
20180683,1704253A,18,5,16,13,,
20180683,1704248A,19,15,5,18,,
20180683,1704254A,18,16,16,17,,
20180683,1704252A,19,18,12,10,,
20220718,1702227A,17,17,7,14,,
20220718,1702224A,15,10,14,18,,
20220718,1702228A,13,9,11,17,,
20220718,1702225A,15,8,11,11,,
20220718,1702226A,18,13,14,18,,
20220718,1702229A,15,6,18,10,,
20220716,1702227A,16,15,2,7,,
20220716,1702224A,11,14,7,16,,
20220716,1702228A,12,15,7,14,,
20220716,1702225A,14,18,12,14,,
20220716,1702226A,16,4,15,11,,
20220716,1702229A,18,19,18,11,,
20223114,1702227A,8,16,7,11,,
20223114,1702224A,3,18,3,16,,
20223114,1702228A,18,7,16,17,,
20223114,1702225A,12,10,16,12,,
20223114,1702226A,10,17,12,14,,
20223114,1702229A,14,10,11,9,,
20193061,1705265A,18,19,13,11,,
20193061,1705267A,14,11,5,8,,
20193061,1705271A,17,4,17,5,,
20193061,1705269A,18,13,11,18,,
20193061,1705270A,15,15,8,13,,
20193061,1705268A,6,11,3,17,,
20193061,1705272A,16,14,14,12,,
20222149,1702227A,8,8,4,12,,
20222149,1702224A,12,20,13,18,,
20222149,1702228A,5,14,4,17,,
20222149,1702225A,5,13,10,20,,
20222149,1702226A,17,15,19,3,,
20222149,1702229A,12,12,14,8,,
20223089,1702227A,18,17,19,4,,
20223089,1702224A,3,15,13,18,,
20223089,1702228A,11,2,16,15,,
20223089,1702225A,14,14,18,10,,
20223089,1702226A,13,16,15,16,,
20223089,1702229A,17,12,2,17,,
20210672,1703241A,6,14,15,18,,
20210672,1703237A,17,16,19,15,,
20210672,1703238A,17,8,4,3,,
20210672,1703239A,10,6,14,14,,
20210672,1703131A,18,13,16,8,,
20210672,1703236A,16,13,14,9,,
20210672,1703240A,6,9,14,10,,
20182363,1705265A,13,15,13,2,,
20182363,1705267A,17,15,12,16,,
20182363,1705271A,8,6,10,15,,
20182363,1705269A,16,5,16,17,,
20182363,1705270A,9,15,5,6,,
20182363,1705268A,2,16,11,6,,
20182363,1705272A,18,15,16,5,,
20182913,1705265A,16,5,6,12,,
20182913,1705267A,14,17,19,16,,
20182913,1705271A,10,17,16,11,,
20182913,1705269A,8,2,16,18,,
20182913,1705270A,9,6,12,7,,
20182913,1705268A,6,8,14,7,,
20182913,1705272A,13,16,6,15,,
20230581,2501209A,4,3,6,18,,
20230581,2501210A,13,5,20,16,,
20230581,2501207A,9,15,19,14,,
20230581,2501212A,19,11,14,17,,
20230581,2501208A,5,13,13,16,,
20230581,2501211A,2,13,4,9,,
20153701,1703241A,16,16,18,16,,
20153701,1703237A,14,18,9,12,,
20153701,1703238A,15,17,19,10,,
20153701,1703239A,18,14,7,10,,
20153701,1703131A,10,17,19,3,,
20153701,1703236A,6,10,18,17,,
20153701,1703240A,18,18,8,16,,
20052826,2501209A,6,4,14,13,,
20052826,2501210A,7,11,19,16,,
20052826,2501207A,15,14,15,11,,
20052826,2501212A,7,13,15,14,,
20052826,2501208A,8,17,10,8,,
20052826,2501211A,11,3,15,7,,
20233583,2501209A,18,7,15,15,,
20233583,2501210A,7,14,8,2,,
20233583,2501207A,4,12,14,15,,
20233583,2501212A,14,15,9,10,,
20233583,2501208A,8,12,17,7,,
20233583,2501211A,7,6,18,6,,
20130944,2501209A,7,16,13,6,,
20130944,2501210A,14,4,9,3,,
20130944,2501207A,13,8,15,13,,
20130944,2501212A,14,10,15,15,,
20130944,2501208A,14,15,13,19,,
20130944,2501211A,4,13,10,8,,
20082766,2501209A,17,9,13,19,,
20082766,2501210A,17,14,13,12,,
20082766,2501207A,17,6,19,7,,
20082766,2501212A,13,13,15,12,,
20082766,2501208A,17,8,15,14,,
20082766,2501211A,9,17,6,13,,
20223085,1702227A,17,12,10,18,,
20223085,1702224A,19,14,9,10,,
20223085,1702228A,15,18,14,19,,
20223085,1702225A,3,18,1,12,,
20223085,1702226A,18,14,7,4,,
20223085,1702229A,3,15,9,16,,
20210683,1703241A,3,14,15,20,,
20210683,1703237A,14,13,14,11,,
20210683,1703238A,10,16,3,12,,
20210683,1703239A,3,15,19,16,,
20210683,1703131A,12,11,17,2,,
20210683,1703236A,14,7,15,16,,
20210683,1703240A,18,9,18,4,,
20220717,1702227A,13,16,14,17,,
20220717,1702224A,5,15,4,16,,
20220717,1702228A,7,2,4,13,,
20220717,1702225A,9,14,11,16,,
20220717,1702226A,16,10,17,9,,
20220717,1702229A,17,10,11,3,,
20182904,1705265A,15,7,5,17,,
20182904,1705267A,17,2,4,2,,
20182904,1705271A,12,6,10,19,,
20182904,1705269A,4,18,15,2,,
20182904,1705270A,6,8,5,15,,
20182904,1705268A,11,16,4,17,,
20182904,1705272A,12,16,3,14,,
20213140,1703241A,12,10,4,16,,
20213140,1703237A,9,13,17,6,,
20213140,1703238A,18,17,9,11,,
20213140,1703239A,19,14,14,13,,
20213140,1703131A,18,16,16,19,,
20213140,1703236A,18,6,12,6,,
20213140,1703240A,2,20,13,13,,
20232277,2501209A,12,5,12,16,,
20232277,2501210A,17,16,15,12,,
20232277,2501207A,5,18,6,11,,
20232277,2501212A,11,11,19,13,,
20232277,2501208A,2,14,12,17,,
20232277,2501211A,2,7,6,16,,
20182903,1705265A,18,14,4,13,,
20182903,1705267A,12,1,12,12,,
20182903,1705271A,2,10,11,16,,
20182903,1705269A,9,4,7,16,,
20182903,1705270A,15,17,14,17,,
20182903,1705268A,12,14,11,16,,
20182903,1705272A,5,17,6,17,,
20162007,1703241A,17,12,19,13,,
20162007,1703237A,12,18,17,14,,
20162007,1703238A,7,18,13,4,,
20162007,1703239A,4,10,9,17,,
20162007,1703131A,14,15,12,17,,
20162007,1703236A,3,12,3,17,,
20162007,1703240A,4,17,2,4,,
20231540,2501209A,8,8,12,14,,
20231540,2501210A,11,7,13,14,,
20231540,2501207A,15,10,4,17,,
20231540,2501212A,18,6,17,8,,
20231540,2501208A,6,19,13,4,,
20231540,2501211A,18,18,20,1,,
20190741,1705265A,16,12,13,15,,
20190741,1705267A,7,16,12,16,,
20190741,1705271A,6,15,15,4,,
20190741,1705269A,18,14,8,15,,
20190741,1705270A,14,10,8,16,,
20190741,1705268A,9,13,18,12,,
20190741,1705272A,9,15,18,14,,
20232282,2501209A,5,3,15,7,,
20232282,2501210A,18,18,13,9,,
20232282,2501207A,6,17,13,13,,
20232282,2501212A,19,18,14,19,,
20232282,2501208A,8,12,18,4,,
20232282,2501211A,18,8,13,4,,
20220736,1702227A,9,13,5,6,,
20220736,1702224A,11,15,19,13,,
20220736,1702228A,13,16,9,17,,
20220736,1702225A,17,14,18,6,,
20220736,1702226A,13,14,9,7,,
20220736,1702229A,17,19,16,14,,
20212164,1703241A,8,3,2,14,,
20212164,1703237A,11,11,20,5,,
20212164,1703238A,13,18,14,15,,
20212164,1703239A,5,14,14,13,,
20212164,1703131A,17,14,20,11,,
20212164,1703236A,16,6,10,17,,
20212164,1703240A,16,7,15,18,,
20223084,1702227A,11,12,15,8,,
20223084,1702224A,16,4,16,5,,
20223084,1702228A,15,17,8,15,,
20223084,1702225A,18,15,9,7,,
20223084,1702226A,16,17,5,5,,
20223084,1702229A,17,11,18,8,,
20233592,2501209A,12,19,11,17,,
20233592,2501210A,11,19,15,13,,
20233592,2501207A,19,16,9,12,,
20233592,2501212A,8,17,9,15,,
20233592,2501208A,15,15,3,12,,
20233592,2501211A,14,19,11,17,,
20210686,1703241A,12,17,17,17,,
20210686,1703237A,15,13,16,3,,
20210686,1703238A,15,17,2,15,,
20210686,1703239A,14,13,18,7,,
20210686,1703131A,14,13,11,6,,
20210686,1703236A,7,15,15,5,,
20210686,1703240A,18,13,7,12,,
20192275,1705265A,9,14,15,17,,
20192275,1705267A,4,11,16,14,,
20192275,1705271A,2,15,16,11,,
20192275,1705269A,19,12,17,15,,
20192275,1705270A,16,17,15,6,,
20192275,1705268A,9,16,12,12,,
20192275,1705272A,10,10,15,16,,
20111698,1705265A,9,8,12,17,,
20111698,1705267A,9,12,8,3,,
20111698,1705271A,12,4,17,7,,
20111698,1705269A,15,11,18,17,,
20111698,1705270A,9,16,8,5,,
20111698,1705268A,11,17,7,15,,
20111698,1705272A,14,17,18,17,,
20173458,1705265A,9,16,16,9,,
20173458,1705267A,4,17,7,7,,
20173458,1705271A,13,11,14,18,,
20173458,1705269A,7,16,17,18,,
20173458,1705270A,12,13,6,16,,
20173458,1705268A,14,14,14,11,,
20173458,1705272A,6,12,13,18,,
20222154,1702227A,15,16,10,14,,
20222154,1702224A,16,13,17,8,,
20222154,1702228A,16,13,14,16,,
20222154,1702225A,6,18,16,6,,
20222154,1702226A,15,11,14,13,,
20222154,1702229A,2,11,20,7,,
20220728,1702227A,7,8,12,5,,
20220728,1702224A,4,14,19,17,,
20220728,1702228A,10,10,18,15,,
20220728,1702225A,13,8,7,2,,
20220728,1702226A,18,14,8,8,,
20220728,1702229A,18,10,15,16,,
20190740,1705265A,5,11,12,18,,
20190740,1705267A,15,3,15,4,,
20190740,1705271A,10,13,4,5,,
20190740,1705269A,17,4,19,18,,
20190740,1705270A,12,13,11,11,,
20190740,1705268A,15,19,18,18,,
20190740,1705272A,14,3,18,20,,
20182910,1705265A,14,14,17,16,,
20182910,1705267A,6,18,9,10,,
20182910,1705271A,3,15,17,14,,
20182910,1705269A,15,12,14,11,,
20182910,1705270A,9,14,5,16,,
20182910,1705268A,12,13,5,15,,
20182910,1705272A,11,14,3,9,,
20231533,2501209A,14,13,9,18,,
20231533,2501210A,10,11,9,11,,
20231533,2501207A,17,18,6,4,,
20231533,2501212A,19,4,2,14,,
20231533,2501208A,12,12,8,9,,
20231533,2501211A,8,12,9,12,,
20232276,2501209A,6,14,18,14,,
20232276,2501210A,18,2,12,14,,
20232276,2501207A,17,5,17,5,,
20232276,2501212A,6,14,12,19,,
20232276,2501208A,4,2,7,17,,
20232276,2501211A,2,18,16,13,,
20192272,1705265A,10,15,6,17,,
20192272,1705267A,17,14,6,7,,
20192272,1705271A,17,11,8,7,,
20192272,1705269A,18,9,13,11,,
20192272,1705270A,9,19,18,2,,
20192272,1705268A,9,17,15,9,,
20192272,1705272A,15,6,7,18,,
20214284,1703241A,18,7,18,17,,
20214284,1703237A,3,15,4,13,,
20214284,1703238A,11,18,17,8,,
20214284,1703239A,13,19,14,11,,
20214284,1703131A,18,7,8,9,,
20214284,1703236A,14,9,17,15,,
20214284,1703240A,14,10,10,6,,
20095936,1705265A,19,4,12,18,,
20095936,1705267A,11,13,5,11,,
20095936,1705271A,6,9,7,8,,
20095936,1705269A,9,17,15,13,,
20095936,1705270A,9,5,19,10,,
20095936,1705268A,11,17,2,17,,
20095936,1705272A,14,16,1,18,,
20233590,2501209A,6,5,15,12,,
20233590,2501210A,15,18,14,13,,
20233590,2501207A,8,5,19,18,,
20233590,2501212A,4,10,19,8,,
20233590,2501208A,5,12,14,13,,
20233590,2501211A,14,11,13,8,,
20222152,1702227A,16,6,2,11,,
20222152,1702224A,17,5,10,3,,
20222152,1702228A,2,18,8,16,,
20222152,1702225A,15,15,11,7,,
20222152,1702226A,5,16,17,16,,
20222152,1702229A,13,10,18,7,,
20210695,1703241A,18,15,12,6,,
20210695,1703237A,7,2,15,13,,
20210695,1703238A,7,8,5,15,,
20210695,1703239A,17,14,5,15,,
20210695,1703131A,16,18,16,13,,
20210695,1703236A,6,15,15,12,,
20210695,1703240A,14,10,7,13,,
20230576,2501209A,17,17,8,18,,
20230576,2501210A,18,18,16,7,,
20230576,2501207A,16,4,17,12,,
20230576,2501212A,19,12,8,5,,
20230576,2501208A,9,14,17,13,,
20230576,2501211A,5,14,18,11,,
20211819,1703241A,17,4,13,18,,
20211819,1703237A,20,6,9,12,,
20211819,1703238A,17,7,17,12,,
20211819,1703239A,2,14,16,13,,
20211819,1703131A,6,8,15,18,,
20211819,1703236A,17,1,19,17,,
20211819,1703240A,7,5,4,2,,
20211822,1703241A,7,5,10,4,,
20211822,1703237A,6,13,19,12,,
20211822,1703238A,4,15,5,9,,
20211822,1703239A,17,11,17,17,,
20211822,1703131A,17,12,9,13,,
20211822,1703236A,16,7,8,6,,
20211822,1703240A,7,9,19,15,,
20220729,1702227A,17,17,13,17,,
20220729,1702224A,7,17,3,10,,
20220729,1702228A,6,13,13,18,,
20220729,1702225A,14,18,16,7,,
20220729,1702226A,15,14,11,6,,
20220729,1702229A,15,19,13,5,,
20213123,1703241A,3,10,3,18,,
20213123,1703237A,15,8,19,13,,
20213123,1703238A,15,13,8,12,,
20213123,1703239A,18,7,13,18,,
20213123,1703131A,14,12,15,14,,
20213123,1703236A,18,7,14,19,,
20213123,1703240A,10,10,13,18,,
20220727,1702227A,15,16,13,6,,
20220727,1702224A,13,7,8,17,,
20220727,1702228A,14,14,13,9,,
20220727,1702225A,20,13,17,15,,
20220727,1702226A,7,15,18,9,,
20220727,1702229A,15,1,9,8,,
20224273,1702227A,18,2,13,15,,
20224273,1702224A,9,17,3,13,,
20224273,1702228A,18,11,18,9,,
20224273,1702225A,17,10,11,12,,
20224273,1702226A,15,7,11,17,,
20224273,1702229A,8,2,18,6,,
20213124,1703241A,6,6,18,15,,
20213124,1703237A,12,16,5,14,,
20213124,1703238A,8,13,16,13,,
20213124,1703239A,13,9,13,6,,
20213124,1703131A,15,18,3,14,,
20213124,1703236A,13,16,14,16,,
20213124,1703240A,3,7,10,6,,
20193264,1705265A,13,13,3,18,,
20193264,1705267A,16,15,8,17,,
20193264,1705271A,15,11,8,19,,
20193264,1705269A,18,17,4,13,,
20193264,1705270A,7,11,12,10,,
20193264,1705268A,16,6,16,16,,
20193264,1705272A,10,11,13,9,,
20182911,1705265A,8,7,11,17,,
20182911,1705267A,12,3,15,15,,
20182911,1705271A,12,12,15,16,,
20182911,1705269A,5,7,17,4,,
20182911,1705270A,10,4,16,8,,
20182911,1705268A,7,10,14,12,,
20182911,1705272A,14,7,9,4,,
20190747,1705265A,8,9,20,15,,
20190747,1705267A,7,15,13,11,,
20190747,1705271A,17,17,15,6,,
20190747,1705269A,4,15,11,17,,
20190747,1705270A,17,2,16,11,,
20190747,1705268A,9,15,3,16,,
20190747,1705272A,16,9,10,13,,
20153703,1703241A,13,9,17,6,,
20153703,1703237A,9,9,16,16,,
20153703,1703238A,19,13,17,9,,
20153703,1703239A,10,18,13,7,,
20153703,1703131A,6,14,15,6,,
20153703,1703236A,6,9,10,15,,
20153703,1703240A,17,15,10,17,,
20193261,1705265A,16,9,17,17,,
20193261,1705267A,7,9,16,16,,
20193261,1705271A,6,7,9,11,,
20193261,1705269A,10,9,9,10,,
20193261,1705270A,9,7,9,15,,
20193261,1705268A,18,11,6,16,,
20193261,1705272A,15,16,14,15,,
20024030,2501209A,11,16,3,2,,
20024030,2501210A,20,6,18,6,,
20024030,2501207A,5,14,19,16,,
20024030,2501212A,12,9,16,5,,
20024030,2501208A,14,4,8,12,,
20024030,2501211A,8,11,13,14,,
20221737,1702227A,13,15,2,19,,
20221737,1702224A,14,6,19,13,,
20221737,1702228A,18,13,2,4,,
20221737,1702225A,19,15,19,14,,
20221737,1702226A,15,5,12,17,,
20221737,1702229A,11,19,12,13,,
20210194,1703241A,19,16,14,12,,
20210194,1703237A,12,11,7,9,,
20210194,1703238A,2,2,5,14,,
20210194,1703239A,16,13,16,14,,
20210194,1703131A,6,18,12,14,,
20210194,1703236A,6,2,6,15,,
20210194,1703240A,9,13,16,16,,
20213128,1703241A,12,14,18,19,,
20213128,1703237A,15,13,4,11,,
20213128,1703238A,14,18,14,4,,
20213128,1703239A,11,16,12,10,,
20213128,1703131A,11,13,15,18,,
20213128,1703236A,15,10,8,12,,
20213128,1703240A,8,11,16,9,,
20230584,2501209A,19,12,13,14,,
20230584,2501210A,19,3,17,11,,
20230584,2501207A,2,17,2,6,,
20230584,2501212A,16,14,13,12,,
20230584,2501208A,4,16,13,18,,
20230584,2501211A,12,13,9,9,,
20224271,1702227A,15,17,12,13,,
20224271,1702224A,18,13,16,4,,
20224271,1702228A,18,16,11,7,,
20224271,1702225A,5,14,16,12,,
20224271,1702226A,9,15,7,19,,
20224271,1702229A,3,12,16,2,,
20230585,2501209A,14,9,8,17,,
20230585,2501210A,17,6,13,18,,
20230585,2501207A,15,7,6,1,,
20230585,2501212A,17,15,9,14,,
20230585,2501208A,12,6,9,9,,
20230585,2501211A,7,4,14,16,,
20210689,1703241A,15,10,14,6,,
20210689,1703237A,18,5,19,7,,
20210689,1703238A,17,16,11,8,,
20210689,1703239A,13,10,13,13,,
20210689,1703131A,18,12,11,12,,
20210689,1703236A,14,16,5,18,,
20210689,1703240A,16,18,17,8,,
20230582,2501209A,14,5,12,17,,
20230582,2501210A,16,10,18,5,,
20230582,2501207A,17,11,10,16,,
20230582,2501212A,14,12,9,17,,
20230582,2501208A,5,15,16,18,,
20230582,2501211A,17,2,8,14,,
20233586,2501209A,13,13,2,18,,
20233586,2501210A,9,9,8,14,,
20233586,2501207A,7,17,4,10,,
20233586,2501212A,4,12,19,17,,
20233586,2501208A,8,6,18,4,,
20233586,2501211A,15,20,13,14,,
20222146,1702227A,4,19,15,19,,
20222146,1702224A,13,17,13,14,,
20222146,1702228A,18,13,4,14,,
20222146,1702225A,7,17,9,9,,
20222146,1702226A,7,18,8,5,,
20222146,1702229A,10,19,13,17,,
20211821,1703241A,17,5,10,12,,
20211821,1703237A,15,18,17,18,,
20211821,1703238A,17,18,9,16,,
20211821,1703239A,3,18,17,19,,
20211821,1703131A,14,11,19,11,,
20211821,1703236A,12,11,15,9,,
20211821,1703240A,5,18,10,13,,
20222143,1702227A,8,18,14,4,,
20222143,1702224A,14,13,15,9,,
20222143,1702228A,18,16,2,10,,
20222143,1702225A,12,17,12,12,,
20222143,1702226A,16,7,4,3,,
20222143,1702229A,13,18,13,8,,
20190748,1705265A,13,3,4,10,,
20190748,1705267A,18,16,14,15,,
20190748,1705271A,18,15,19,13,,
20190748,1705269A,4,20,16,10,,
20190748,1705270A,11,18,3,13,,
20190748,1705268A,10,12,16,14,,
20190748,1705272A,14,11,16,14,,
20230575,2501209A,18,2,14,3,,
20230575,2501210A,17,4,19,17,,
20230575,2501207A,13,12,17,13,,
20230575,2501212A,18,1,13,13,,
20230575,2501208A,9,17,17,13,,
20230575,2501211A,16,17,12,7,,
20230573,2501209A,4,10,13,4,,
20230573,2501210A,13,15,17,13,,
20230573,2501207A,16,11,7,12,,
20230573,2501212A,16,18,7,16,,
20230573,2501208A,9,10,14,15,,
20230573,2501211A,13,3,3,17,,
20212741,1703241A,3,20,4,2,,
20212741,1703237A,10,18,11,16,,
20212741,1703238A,14,19,11,8,,
20212741,1703239A,12,14,18,18,,
20212741,1703131A,11,15,12,9,,
20212741,1703236A,16,16,7,9,,
20212741,1703240A,10,12,12,17,,
20222151,1702227A,10,17,15,15,,
20222151,1702224A,5,2,4,18,,
20222151,1702228A,19,10,11,16,,
20222151,1702225A,10,16,17,13,,
20222151,1702226A,3,8,12,9,,
20222151,1702229A,18,18,16,3,,
20222144,1702227A,12,6,5,13,,
20222144,1702224A,13,3,6,17,,
20222144,1702228A,11,15,18,8,,
20222144,1702225A,3,9,18,15,,
20222144,1702226A,10,7,20,15,,
20222144,1702229A,10,10,12,15,,
20233580,2501209A,7,7,13,10,,
20233580,2501210A,15,3,10,12,,
20233580,2501207A,15,16,15,6,,
20233580,2501212A,18,4,16,20,,
20233580,2501208A,16,12,13,17,,
20233580,2501211A,18,16,15,10,,
20233594,2501209A,10,12,11,2,,
20233594,2501210A,5,13,11,19,,
20233594,2501207A,10,7,6,11,,
20233594,2501212A,18,5,9,14,,
20233594,2501208A,17,19,6,12,,
20233594,2501211A,6,17,9,11,,
20232274,2501209A,19,15,20,16,,
20232274,2501210A,8,15,11,14,,
20232274,2501207A,4,11,14,13,,
20232274,2501212A,4,13,18,3,,
20232274,2501208A,13,14,17,19,,
20232274,2501211A,18,15,5,19,,
20233591,2501209A,15,15,15,10,,
20233591,2501210A,14,12,14,17,,
20233591,2501207A,1,11,11,18,,
20233591,2501212A,17,10,15,12,,
20233591,2501208A,12,19,13,2,,
20233591,2501211A,10,6,6,4,,
20210696,1703241A,18,17,10,14,,
20210696,1703237A,14,13,13,18,,
20210696,1703238A,15,14,10,18,,
20210696,1703239A,13,3,7,19,,
20210696,1703131A,18,12,7,16,,
20210696,1703236A,13,14,12,14,,
20210696,1703240A,13,15,1,6,,
20213142,1703241A,17,17,4,7,,
20213142,1703237A,5,15,13,15,,
20213142,1703238A,19,13,10,18,,
20213142,1703239A,14,5,14,14,,
20213142,1703131A,13,19,10,10,,
20213142,1703236A,15,19,15,17,,
20213142,1703240A,20,17,8,2,,
20220732,1702227A,14,15,14,12,,
20220732,1702224A,18,10,17,14,,
20220732,1702228A,5,3,7,15,,
20220732,1702225A,15,14,6,18,,
20220732,1702226A,16,13,16,17,,
20220732,1702229A,19,12,2,17,,
20210685,1703241A,17,15,6,18,,
20210685,1703237A,5,4,12,17,,
20210685,1703238A,18,13,10,15,,
20210685,1703239A,12,7,14,10,,
20210685,1703131A,15,5,15,11,,
20210685,1703236A,19,8,14,5,,
20210685,1703240A,3,7,19,9,,
20233582,2501209A,14,12,17,7,,
20233582,2501210A,19,6,13,14,,
20233582,2501207A,14,17,15,4,,
20233582,2501212A,14,2,18,15,,
20233582,2501208A,18,11,16,15,,
20233582,2501211A,15,17,15,3,,
20163988,1705265A,6,10,18,12,,
20163988,1705267A,15,18,8,13,,
20163988,1705271A,17,18,11,13,,
20163988,1705269A,4,12,9,3,,
20163988,1705270A,11,14,14,4,,
20163988,1705268A,3,15,12,7,,
20163988,1705272A,16,9,7,11,,
20213141,1703241A,3,7,8,15,,
20213141,1703237A,17,12,10,19,,
20213141,1703238A,18,15,5,10,,
20213141,1703239A,12,17,17,17,,
20213141,1703131A,8,12,8,4,,
20213141,1703236A,18,16,15,18,,
20213141,1703240A,2,11,7,6,,
20220733,1702227A,3,3,7,11,,
20220733,1702224A,5,18,9,14,,
20220733,1702228A,6,14,19,11,,
20220733,1702225A,14,4,18,17,,
20220733,1702226A,17,17,18,6,,
20220733,1702229A,19,6,6,12,,
20231537,2501209A,16,9,14,16,,
20231537,2501210A,6,18,11,9,,
20231537,2501207A,10,15,14,13,,
20231537,2501212A,12,14,9,18,,
20231537,2501208A,3,13,4,18,,
20231537,2501211A,19,11,6,3,,
20231538,2501209A,17,16,18,16,,
20231538,2501210A,13,9,9,7,,
20231538,2501207A,16,17,16,16,,
20231538,2501212A,14,11,1,11,,
20231538,2501208A,15,16,19,5,,
20231538,2501211A,18,15,16,4,,
20190652,1705265A,3,4,11,15,,
20190652,1705267A,17,7,15,13,,
20190652,1705271A,9,7,8,6,,
20190652,1705269A,16,15,10,2,,
20190652,1705270A,14,17,7,16,,
20190652,1705268A,14,14,15,18,,
20190652,1705272A,17,15,14,18,,
20230579,2501209B,5,17,4,20,,
20230579,2501210B,18,11,18,10,,
20230579,2501207B,10,19,9,14,,
20230579,2501212B,17,13,12,7,,
20230579,2501208B,16,14,8,17,,
20230579,2501211B,10,4,10,14,,
20213139,1703241A,6,14,2,17,,
20213139,1703237A,18,12,16,10,,
20213139,1703238A,11,16,16,9,,
20213139,1703239A,5,17,19,10,,
20213139,1703131A,4,6,8,7,,
20213139,1703236A,16,11,6,19,,
20213139,1703240A,6,20,5,13,,
20230577,2501209B,3,14,5,17,,
20230577,2501210B,5,4,13,18,,
20230577,2501207B,15,19,19,8,,
20230577,2501212B,18,10,12,12,,
20230577,2501208B,10,16,16,17,,
20230577,2501211B,7,18,10,1,,
20222179,1702227A,16,5,14,13,,
20222179,1702224A,17,3,5,13,,
20222179,1702228A,16,9,15,5,,
20222179,1702225A,14,18,15,18,,
20222179,1702226A,15,13,5,12,,
20222179,1702229A,15,19,13,11,,
20190759,1705265A,15,11,16,11,,
20190759,1705267A,3,18,6,14,,
20190759,1705271A,16,17,4,17,,
20190759,1705269A,17,15,9,13,,
20190759,1705270A,13,16,3,8,,
20190759,1705268A,17,16,17,19,,
20190759,1705272A,7,13,18,3,,
20233585,2501209B,17,17,16,4,,
20233585,2501210B,18,5,12,8,,
20233585,2501207B,7,12,6,7,,
20233585,2501212B,8,12,14,17,,
20233585,2501208B,10,9,14,8,,
20233585,2501211B,17,7,18,9,,
20193259,1705265A,3,9,5,19,,
20193259,1705267A,4,11,16,9,,
20193259,1705271A,10,12,10,15,,
20193259,1705269A,4,9,14,15,,
20193259,1705270A,3,4,17,8,,
20193259,1705268A,9,13,18,18,,
20193259,1705272A,4,6,14,18,,
20223093,1702227A,17,6,6,19,,
20223093,1702224A,15,15,7,5,,
20223093,1702228A,10,8,17,9,,
20223093,1702225A,6,4,14,3,,
20223093,1702226A,17,3,19,18,,
20223093,1702229A,15,18,5,3,,
20110752,1705265A,12,8,5,13,,
20110752,1705267A,17,15,7,12,,
20110752,1705271A,10,5,17,16,,
20110752,1705269A,4,17,13,17,,
20110752,1705270A,8,7,14,7,,
20110752,1705268A,15,9,17,15,,
20110752,1705272A,16,5,19,9,,
20190745,1705265A,11,18,9,13,,
20190745,1705267A,16,14,16,14,,
20190745,1705271A,9,14,11,16,,
20190745,1705269A,19,17,17,13,,
20190745,1705270A,10,7,17,2,,
20190745,1705268A,16,17,12,7,,
20190745,1705272A,19,3,12,4,,
20190224,1705265A,18,16,14,16,,
20190224,1705267A,2,17,17,10,,
20190224,1705271A,6,10,11,5,,
20190224,1705269A,17,13,13,4,,
20190224,1705270A,19,8,12,4,,
20190224,1705268A,17,17,9,10,,
20190224,1705272A,7,14,11,17,,
20223083,1702227A,2,4,6,3,,
20223083,1702224A,14,11,16,18,,
20223083,1702228A,9,15,17,8,,
20223083,1702225A,6,2,14,7,,
20223083,1702226A,18,9,7,9,,
20223083,1702229A,8,16,10,14,,
20222178,1702227A,14,10,4,14,,
20222178,1702224A,17,16,15,6,,
20222178,1702228A,16,11,18,18,,
20222178,1702225A,8,8,9,17,,
20222178,1702226A,7,6,16,14,,
20222178,1702229A,14,13,17,14,,
20224274,1702227A,14,11,15,3,,
20224274,1702224A,16,13,18,17,,
20224274,1702228A,16,14,11,17,,
20224274,1702225A,8,4,11,15,,
20224274,1702226A,6,13,7,18,,
20224274,1702229A,17,17,13,16,,
20220161,1702227B,6,16,2,17,,
20220161,1702224B,18,16,18,18,,
20220161,1702228B,11,7,11,4,,
20220161,1702225B,14,6,16,13,,
20220161,1702226B,14,14,9,13,,
20220161,1702229B,18,15,3,17,,
20170730,1702227B,13,19,17,17,,
20170730,1702224B,17,15,6,19,,
20170730,1702228B,13,12,16,12,,
20170730,1702225B,15,12,13,4,,
20170730,1702226B,19,8,5,12,,
20170730,1702229B,5,18,17,18,,
20220713,1702227B,11,17,5,16,,
20220713,1702224B,17,18,13,3,,
20220713,1702228B,17,11,5,16,,
20220713,1702225B,14,8,14,17,,
20220713,1702226B,14,13,2,10,,
20220713,1702229B,18,13,16,6,,
20123493,2501209B,7,4,16,13,,
20123493,2501210B,16,8,8,15,,
20123493,2501207B,10,12,15,18,,
20123493,2501212B,6,1,16,19,,
20123493,2501208B,17,7,11,17,,
20123493,2501211B,3,14,14,12,,
20230580,2501209B,12,1,16,9,,
20230580,2501210B,5,11,9,9,,
20230580,2501207B,14,16,7,15,,
20230580,2501212B,19,16,18,5,,
20230580,2501208B,13,13,7,13,,
20230580,2501211B,15,6,16,3,,
20232281,2501209B,5,9,19,7,,
20232281,2501210B,9,11,15,10,,
20232281,2501207B,15,18,9,15,,
20232281,2501212B,9,6,14,16,,
20232281,2501208B,12,2,10,14,,
20232281,2501211B,7,17,18,8,,
20231535,2501209B,15,19,16,9,,
20231535,2501210B,16,16,18,13,,
20231535,2501207B,12,11,9,15,,
20231535,2501212B,15,18,16,12,,
20231535,2501208B,11,9,5,6,,
20231535,2501211B,16,10,17,8,,
20232285,2501209B,17,19,13,12,,
20232285,2501210B,5,9,5,3,,
20232285,2501207B,8,17,8,8,,
20232285,2501212B,12,6,18,13,,
20232285,2501208B,17,10,18,18,,
20232285,2501211B,9,19,19,16,,
20220734,1702227B,13,13,6,17,,
20220734,1702224B,1,5,10,14,,
20220734,1702228B,8,19,6,16,,
20220734,1702225B,17,15,11,13,,
20220734,1702226B,4,14,9,3,,
20220734,1702229B,14,13,17,19,,
20233589,2501209B,17,16,19,4,,
20233589,2501210B,12,18,7,13,,
20233589,2501207B,15,17,9,7,,
20233589,2501212B,11,6,9,2,,
20233589,2501208B,8,17,12,8,,
20233589,2501211B,6,9,11,11,,
20220726,1702227B,7,16,5,17,,
20220726,1702224B,4,18,12,16,,
20220726,1702228B,17,11,14,10,,
20220726,1702225B,10,16,6,14,,
20220726,1702226B,5,6,13,16,,
20220726,1702229B,9,13,9,14,,
20220720,1702227B,19,6,15,4,,
20220720,1702224B,6,4,9,12,,
20220720,1702228B,14,11,16,18,,
20220720,1702225B,5,14,15,17,,
20220720,1702226B,13,12,9,15,,
20220720,1702229B,11,14,8,17,,
20220723,1702227B,5,3,7,17,,
20220723,1702224B,14,9,13,12,,
20220723,1702228B,6,17,4,13,,
20220723,1702225B,13,19,3,18,,
20220723,1702226B,11,16,19,5,,
20220723,1702229B,4,15,16,19,,
20223082,1702227B,5,19,6,3,,
20223082,1702224B,12,5,14,13,,
20223082,1702228B,17,6,19,14,,
20223082,1702225B,13,14,18,18,,
20223082,1702226B,17,18,3,18,,
20223082,1702229B,16,14,12,10,,
20230578,2501209B,11,15,10,7,,
20230578,2501210B,18,17,17,16,,
20230578,2501207B,12,16,10,14,,
20230578,2501212B,4,12,18,7,,
20230578,2501208B,11,16,15,18,,
20230578,2501211B,13,19,3,19,,
20131661,2501209B,3,3,1,20,,
20131661,2501210B,12,4,11,15,,
20131661,2501207B,18,16,15,5,,
20131661,2501212B,13,2,14,14,,
20131661,2501208B,8,16,3,14,,
20131661,2501211B,10,1,19,3,,
20232280,2501209B,4,10,12,15,,
20232280,2501210B,16,4,19,14,,
20232280,2501207B,18,10,14,9,,
20232280,2501212B,16,4,6,19,,
20232280,2501208B,10,7,6,10,,
20232280,2501211B,20,6,15,4,,
20170741,1702227B,14,9,17,5,,
20170741,1702224B,13,18,17,19,,
20170741,1702228B,12,16,16,15,,
20170741,1702225B,20,15,8,16,,
20170741,1702226B,9,3,18,15,,
20170741,1702229B,19,6,3,17,,
20222142,1702227B,13,8,17,15,,
20222142,1702224B,4,14,2,9,,
20222142,1702228B,15,6,14,4,,
20222142,1702225B,18,11,15,10,,
20222142,1702226B,5,16,17,8,,
20222142,1702229B,10,17,19,16,,
20231534,2501209B,5,17,19,9,,
20231534,2501210B,9,15,16,14,,
20231534,2501207B,3,18,17,5,,
20231534,2501212B,14,7,11,15,,
20231534,2501208B,19,13,7,19,,
20231534,2501211B,14,4,6,12,,
20233578,2501209B,15,9,7,9,,
20233578,2501210B,14,18,15,11,,
20233578,2501207B,6,10,15,7,,
20233578,2501212B,13,3,14,16,,
20233578,2501208B,18,14,18,16,,
20233578,2501211B,17,14,11,4,,
20230571,2501209B,9,18,14,9,,
20230571,2501210B,17,10,15,18,,
20230571,2501207B,4,14,9,18,,
20230571,2501212B,10,18,5,15,,
20230571,2501208B,10,16,2,14,,
20230571,2501211B,15,2,5,16,,
20220724,1702227B,2,17,12,18,,
20220724,1702224B,17,19,15,7,,
20220724,1702228B,18,9,5,18,,
20220724,1702225B,7,7,19,14,,
20220724,1702226B,4,15,7,18,,
20220724,1702229B,14,13,12,13,,
20231539,2501209B,18,3,7,17,,
20231539,2501210B,13,13,16,11,,
20231539,2501207B,7,8,17,13,,
20231539,2501212B,8,8,11,15,,
20231539,2501208B,5,6,11,17,,
20231539,2501211B,14,18,15,8,,
20222148,1702227B,3,14,16,6,,
20222148,1702224B,5,17,6,5,,
20222148,1702228B,7,17,17,18,,
20222148,1702225B,11,8,19,17,,
20222148,1702226B,11,6,5,12,,
20222148,1702229B,15,6,6,17,,
20220714,1702227B,15,15,3,16,,
20220714,1702224B,11,6,7,2,,
20220714,1702228B,18,14,14,18,,
20220714,1702225B,13,15,3,5,,
20220714,1702226B,19,13,14,20,,
20220714,1702229B,11,14,11,2,,
20220719,1702227B,13,17,11,14,,
20220719,1702224B,15,15,3,11,,
20220719,1702228B,6,15,10,16,,
20220719,1702225B,6,17,6,13,,
20220719,1702226B,12,13,13,5,,
20220719,1702229B,3,10,16,15,,
20233576,2501209B,19,12,16,9,,
20233576,2501210B,17,19,4,14,,
20233576,2501207B,19,17,5,16,,
20233576,2501212B,6,8,4,13,,
20233576,2501208B,15,6,20,14,,
20233576,2501211B,14,15,13,15,,
20223087,1702227B,18,16,8,12,,
20223087,1702224B,15,5,14,9,,
20223087,1702228B,9,2,12,4,,
20223087,1702225B,15,14,15,7,,
20223087,1702226B,3,9,5,3,,
20223087,1702229B,9,13,13,6,,
20233598,2501209B,16,7,13,11,,
20233598,2501210B,17,5,3,10,,
20233598,2501207B,11,17,14,17,,
20233598,2501212B,17,13,15,8,,
20233598,2501208B,12,18,14,11,,
20233598,2501211B,2,9,19,7,,
20233577,2501209B,6,15,17,11,,
20233577,2501210B,18,13,17,10,,
20233577,2501207B,7,8,17,4,,
20233577,2501212B,16,4,15,19,,
20233577,2501208B,17,16,18,2,,
20233577,2501211B,16,19,19,13,,
20171796,1702227B,5,17,2,5,,
20171796,1702224B,15,2,11,17,,
20171796,1702228B,14,16,12,10,,
20171796,1702225B,19,8,18,14,,
20171796,1702226B,17,9,16,16,,
20171796,1702229B,8,11,9,5,,
20220725,1702227B,10,17,14,9,,
20220725,1702224B,3,13,16,17,,
20220725,1702228B,9,7,17,18,,
20220725,1702225B,13,18,16,14,,
20220725,1702226B,4,13,16,17,,
20220725,1702229B,1,16,14,3,,
20224272,1702227B,19,5,17,5,,
20224272,1702224B,15,2,6,14,,
20224272,1702228B,8,15,5,15,,
20224272,1702225B,12,10,17,11,,
20224272,1702226B,14,16,9,18,,
20224272,1702229B,15,14,17,18,,
20220712,1702227B,4,16,19,3,,
20220712,1702224B,16,6,14,16,,
20220712,1702228B,13,16,18,8,,
20220712,1702225B,13,14,18,12,,
20220712,1702226B,16,7,18,5,,
20220712,1702229B,5,16,3,6,,
20224276,1702227B,18,17,8,17,,
20224276,1702224B,2,18,14,17,,
20224276,1702228B,10,13,17,15,,
20224276,1702225B,10,12,19,14,,
20224276,1702226B,11,8,14,14,,
20224276,1702229B,16,20,16,8,,
20042684,2501209B,13,8,14,13,,
20042684,2501210B,14,18,18,16,,
20042684,2501207B,4,14,15,14,,
20042684,2501212B,13,16,11,6,,
20042684,2501208B,12,12,13,10,,
20042684,2501211B,12,16,19,12,,
20123723,2501209B,11,12,14,2,,
20123723,2501210B,16,12,8,17,,
20123723,2501207B,6,13,16,14,,
20123723,2501212B,5,14,12,18,,
20123723,2501208B,15,9,16,13,,
20123723,2501211B,18,12,4,17,,
20233593,2501209B,13,10,15,3,,
20233593,2501210B,15,12,14,9,,
20233593,2501207B,17,18,11,15,,
20233593,2501212B,16,5,17,4,,
20233593,2501208B,17,13,5,17,,
20233593,2501211B,4,11,15,8,,
20134112,2501209B,10,15,18,4,,
20134112,2501210B,7,3,9,10,,
20134112,2501207B,17,12,18,5,,
20134112,2501212B,16,10,16,15,,
20134112,2501208B,13,16,16,18,,
20134112,2501211B,12,19,1,7,,
20233579,2501209B,7,11,12,18,,
20233579,2501210B,8,12,16,18,,
20233579,2501207B,17,17,15,13,,
20233579,2501212B,13,13,17,14,,
20233579,2501208B,14,6,7,8,,
20233579,2501211B,8,19,8,6,,
20230570,2501209B,12,16,17,4,,
20230570,2501210B,14,15,6,17,,
20230570,2501207B,8,6,12,2,,
20230570,2501212B,14,18,18,12,,
20230570,2501208B,19,5,3,19,,
20230570,2501211B,12,10,19,19,,
20231536,2501209B,7,2,18,10,,
20231536,2501210B,8,3,11,5,,
20231536,2501207B,13,10,8,18,,
20231536,2501212B,17,18,2,11,,
20231536,2501208B,16,3,7,15,,
20231536,2501211B,7,14,19,13,,
20232284,2501209B,17,9,16,6,,
20232284,2501210B,19,16,9,9,,
20232284,2501207B,13,4,18,17,,
20232284,2501212B,8,5,14,15,,
20232284,2501208B,17,10,18,6,,
20232284,2501211B,13,13,12,14,,
20233596,2501209B,10,4,15,10,,
20233596,2501210B,20,16,12,12,,
20233596,2501207B,13,12,11,17,,
20233596,2501212B,19,15,5,18,,
20233596,2501208B,17,17,15,3,,
20233596,2501211B,17,12,18,16,,
20140963,2501209B,17,15,10,7,,
20140963,2501210B,19,11,19,4,,
20140963,2501207B,13,14,3,11,,
20140963,2501212B,7,17,2,17,,
20140963,2501208B,7,10,18,7,,
20140963,2501211B,3,9,14,8,,
